{
    "安徽省": [117.283042, 31.86119],
    "北京市": [116.405285, 39.904989],
    "重庆市": [106.504962, 29.533155],
    "福建省": [119.306239, 26.075302],
    "甘肃省": [103.823557, 36.058039],
    "河北省": [114.502461, 38.045474],
    "河南省": [113.665412, 34.757975],
    "黑龙江省": [126.642464, 45.756967],
    "湖北省": [114.298572, 30.584355],
    "湖南省": [112.982279, 28.19409],
    "吉林省": [125.3245, 43.886841],
    "江苏省": [118.767413, 32.041544],
    "江西省": [115.892151, 28.676493],
    "辽宁省": [123.429096, 41.796767],
    "内蒙古自治区": [111.670801, 40.818311],
    "宁夏回族自治区": [106.278179, 38.46637],
    "青海省": [101.778916, 36.623178],
    "山东省": [117.000923, 36.675807],
    "山西省": [112.549248, 37.857014],
    "陕西省": [108.948024, 34.263161],
    "上海市": [121.472644, 31.231706],
    "四川省": [104.065735, 30.659462],
    "天津市": [117.190182, 39.125596],
    "西藏自治区": [91.132212, 29.660361],
    "新疆维吾尔族自治区": [87.617733, 43.792818],
    "浙江省": [120.153576, 30.287459],
    "广东省": [113.280637, 23.125178],
    "广西壮族自治区": [108.320004, 22.82402],
    "海南省": [110.33119, 20.031971],
    "贵州省": [106.713478, 26.578343],
    "云南省": [102.712251, 25.040609],
    "香港": [114.173355, 22.320048],
    "澳门": [113.54909, 22.198951],
    "台湾省": [121.509062, 25.044332]
    }